create_time,user_text,content_text,comment,pic_list
,,,,
,,,,
,,,,
,,,,
,,,,
,,,,
,,,,
Tue Apr 18 10:05:20 +0800 2017,,,,
,"请允许我再次安利，Color多彩手帐，美美美！<a class='k' href='http://m.weibo.cn/k/Color多彩手帐?from=feed'>#Color多彩手帐#</a><a href='http://m.weibo.cn/n/Color多彩手帐'>@Color多彩手帐</a><a data-url=""http://t.cn/RXGY2N9"" target=""_blank"" href=""http://weibo.cn/sinaurl/blocked9e2d360f?srid=&app=color&sk=e123afdf82ad95868b0a1cc57e68ea59&luicode=20000061&lfid=4097825183353374&featurecode=20000180&u=http%3A%2F%2Fwww.mycolordiary.com%2Fs%2Fshare%2F%3Fsrid%3D%26app%3Dcolor%26sk%3De123afdf82ad95868b0a1cc57e68ea59"" class=""""><span class=""url-icon""><img src=""//h5.sinaimg.cn/upload/2015/09/25/3/timeline_card_small_web_default.png""></span></i><span class=""surl-text"">网页链接</a> ​",,,
,,1234,,
,,,[],
,,,,[u'http://wx4.sinaimg.cn/large/c511e59fgy1feqlty3vftj20e82860z0.jpg']
Mon Apr 10 13:18:06 +0800 2017,,,,
,"//<a href='http://m.weibo.cn/n/全球健身中心'>@全球健身中心</a>:手机也能拍出好照片<span class=""url-icon""><img src=""//h5.sinaimg.cn/m/emoticon/icon/others/h_ye-4ef8705b08.png"" style=""width:1em;height:1em;""></span>",,,
,,"手机拍照太普通没创意？8个手机摄影小技巧，带你打开脑洞，拍出各种花样～<span class=""url-icon""><img src=""//h5.sinaimg.cn/m/emoticon/icon/default/d_huaixiao-bb5966dcc6.png"" style=""width:1em;height:1em;""></span> <a data-url=""http://t.cn/RXvclOt"" href=""http://video.weibo.com/show?fid=1034%3A52e8285e28378fbbcdc7245cc44841c0&luicode=20000061&lfid=4094974590869124&featurecode=20000180"" data-hide=""""><span class=""url-icon""><img src=""//h5.sinaimg.cn/upload/2015/09/25/3/timeline_card_small_video_default.png""></span></i><span class=""surl-text"">秒拍视频</a> . ​",,
,,,[],
,,,,[u'http://wx1.sinaimg.cn/large/7fa25d67gy1fehb5msf6vj20dx07udg6.jpg']
Wed Apr 12 21:17:27 +0800 2017,,,,
,来啊，单反都买了，还不来一台照片打印机吗,,,
,,"照片打印机两台，把你喜欢的照片都打印出来吧~<span class=""url-icon""><img src=""//h5.sinaimg.cn/m/emoticon/icon/others/h_ye-4ef8705b08.png"" style=""width:1em;height:1em;""></span><span class=""url-icon""><img src=""//h5.sinaimg.cn/m/emoticon/icon/others/h_ye-4ef8705b08.png"" style=""width:1em;height:1em;""></span> ​",,
,,,[],
,,,,"[u'http://wx2.sinaimg.cn/large/7fc46e2fgy1fek6xs3un5j20q80qx0wo.jpg', u'http://wx2.sinaimg.cn/large/7fc46e2fgy1fek6xsy17rj20m80m83zb.jpg', u'http://wx2.sinaimg.cn/large/7fc46e2fgy1fek6xtkd14j20ly0lawf3.jpg', u'http://wx2.sinaimg.cn/large/7fc46e2fgy1fek6xu74aaj20kb0ehjso.jpg']"
Thu Apr 06 23:07:30 +0800 2017,,,,
,"//<a href='http://m.weibo.cn/n/新闻晨报'>@新闻晨报</a>:简单容易上手，赶快试试吧<span class=""url-icon""><img src=""//h5.sinaimg.cn/m/emoticon/icon/default/d_jiyan-ae754a591c.png"" style=""width:1em;height:1em;""></span>//<a href='http://m.weibo.cn/n/打着灯笼都难找的黑叔叔'>@打着灯笼都难找的黑叔叔</a>：土豆对我有难以抵抗的诱惑",,,
,,"【香煎蒜香小土豆】把小土豆煮软整粒丢锅里煎，一口一个外脆里嫩，一个人就能吃掉半盆<span class=""url-icon""><img src=""//h5.sinaimg.cn/m/emoticon/icon/others/d_erha-0d2bea3a7d.png"" style=""width:1em;height:1em;""></span> <a href='http://m.weibo.cn/n/魔力美食'>@魔力美食</a> <a data-url=""http://t.cn/R6QSkjN"" href=""http://www.miaopai.com/show/PgIH0wPqpm2RHnHqtwlh~yx7qgoxvNRO.htm?luicode=20000061&lfid=4093673370921309&featurecode=20000180"" data-hide=""""><span class=""url-icon""><img src=""//h5.sinaimg.cn/upload/2015/09/25/3/timeline_card_small_video_default.png""></span></i><span class=""surl-text"">魔力美食的秒拍视频</a> ​",,
,,,[],
,,,,[u'http://qncdn.miaopai.com/stream/PgIH0wPqpm2RHnHqtwlh~yx7qgoxvNRO_1491199429.jpg']
Fri Apr 07 12:51:20 +0800 2017,,,,
,"//<a href='http://m.weibo.cn/n/天天美食推荐'>@天天美食推荐</a>:收了以后有时间就去~<span class=""url-icon""><img src=""//h5.sinaimg.cn/m/emoticon/icon/others/h_zan-6e88e6f51d.png"" style=""width:1em;height:1em;""></span>",,,
,,"【张家界-凤凰古城-长沙的旅行小攻略】从住宿篇、交通篇、旅行篇，都有详细的介绍，可做参考。<span class=""url-icon""><img src=""//h5.sinaimg.cn/m/emoticon/icon/default/d_jiyan-ae754a591c.png"" style=""width:1em;height:1em;""></span>约上一群好友，小长假走起<span class=""url-icon""><img src=""//h5.sinaimg.cn/m/emoticon/icon/others/o_weiguan-440ebe5b66.png"" style=""width:1em;height:1em;""></span><span class=""url-icon""><img src=""//h5.sinaimg.cn/m/emoticon/icon/others/o_weiguan-440ebe5b66.png"" style=""width:1em;height:1em;""></span>【凤凰八天七夜自由行攻略】<br/>（ cr：橘子少女琪 ） ​",,
,,,[],
,,,,"[u'http://wx2.sinaimg.cn/large/7fa92467gy1fedwgokvuaj20c80ujte2.jpg', u'http://wx2.sinaimg.cn/large/7fa92467gy1fedwgpc2t8j20c81tads5.jpg', u'http://wx2.sinaimg.cn/large/7fa92467gy1fedwgpwt2ej20c817j7bb.jpg', u'http://wx2.sinaimg.cn/large/7fa92467gy1fedwgqagfgj20c810tgsp.jpg', u'http://wx2.sinaimg.cn/large/7fa92467gy1fedwgqjvpyj20c80c8dgo.jpg', u'http://wx2.sinaimg.cn/large/7fa92467gy1fedwgr0j22j20c817jgu4.jpg', u'http://wx2.sinaimg.cn/large/7fa92467gy1fedwgrl0bfj20c817jn57.jpg', u'http://wx2.sinaimg.cn/large/7fa92467gy1fedwgs03f7j20c81ov7gn.jpg', u'http://wx2.sinaimg.cn/large/7fa92467gy1fedwgsidyaj20c815eq9z.jpg']"
Wed Apr 05 19:35:52 +0800 2017,,,,
,"//<a href='http://m.weibo.cn/n/全球健身中心'>@全球健身中心</a>: 以后和孩子一起做~<span class=""url-icon""><img src=""//h5.sinaimg.cn/m/emoticon/icon/others/h_good-55854d01bb.png"" style=""width:1em;height:1em;""></span>",,,
,,非常适合假期和宝宝一起制作的9组手工 ​,,
,,,[],
,,,,"[u'http://wx4.sinaimg.cn/large/85f100eegy1feby8vltfqj20c80od0us.jpg', u'http://wx4.sinaimg.cn/large/85f100eegy1feby8w3txxj20c81n9dj6.jpg', u'http://wx4.sinaimg.cn/large/85f100eegy1feby8wo6boj20c80b9755.jpg', u'http://wx4.sinaimg.cn/large/85f100eegy1feby8xq3osj20c842fti3.jpg', u'http://wx4.sinaimg.cn/large/85f100eegy1feby8xzsqfj20c80sk76o.jpg', u'http://wx4.sinaimg.cn/large/85f100eegy1feby8ysj31j20c80yy76u.jpg', u'http://wx4.sinaimg.cn/large/85f100eegy1feby8zpf92j20c81nhdlq.jpg', u'http://wx4.sinaimg.cn/large/85f100eegy1feby90p5kmj20c81scjwx.jpg', u'http://wx4.sinaimg.cn/large/85f100eegy1feby91w5juj20c8085q3f.jpg']"
Thu Apr 20 15:02:47 +0800 2017,,,,
,转发微博,,,
,,"30种可爱的小怪兽涂鸦，教给小朋友画~<span class=""url-icon""><img src=""//h5.sinaimg.cn/m/emoticon/icon/others/h_ye-4ef8705b08.png"" style=""width:1em;height:1em;""></span><a data-url=""http://t.cn/RXZefIM"" href=""http://video.weibo.com/show?fid=1034%3A1252d89afc6d120dc26c195f242dfcf5&luicode=20000061&lfid=4098624814232416&featurecode=20000180"" data-hide=""""><span class=""url-icon""><img src=""//h5.sinaimg.cn/upload/2015/09/25/3/timeline_card_small_video_default.png""></span></i><span class=""surl-text"">秒拍视频</a> ​",,
,,,[],
,,,,[u'http://wx2.sinaimg.cn/large/85f100eegy1fejneg20h6j20e007uglz.jpg']
Thu Apr 06 23:15:34 +0800 2017,,,,
,"//<a href='http://m.weibo.cn/n/天天美食推荐'>@天天美食推荐</a>:真的老了，全看过<span class=""url-icon""><img src=""//h5.sinaimg.cn/m/emoticon/icon/default/d_lei-316a1a3ed5.png"" style=""width:1em;height:1em;""></span>",,,
,,"那些年我们追过的偶像剧插曲大放送！有没有听着听着就想哭了，满满的都是青春岁月<span class=""url-icon""><img src=""//h5.sinaimg.cn/m/emoticon/icon/others/l_xin-8e9a1a0346.png"" style=""width:1em;height:1em;""></span><a data-url=""http://t.cn/RfPGX6f"" href=""http://www.miaopai.com/show/Bfp1b6XD-ODHRScqHTiUeg__.htm?luicode=20000061&lfid=4093675397063835&featurecode=20000180"" data-hide=""""><span class=""url-icon""><img src=""//h5.sinaimg.cn/upload/2015/09/25/3/timeline_card_small_video_default.png""></span></i><span class=""surl-text"">最神奇的秒拍视频</a> ​",,
,,,[],
,,,,[u'http://wsqncdn.miaopai.com/images/Bfp1b6XD-ODHRScqHTiUeg___tmp_11_352_.jpg']
Sun May 14 09:10:51 +0800 2017,,,,
,//<a href='http://m.weibo.cn/n/PS教程网'>@PS教程网</a>:6篇PS特效合成教程,,,
,,<a class='k' href='http://m.weibo.cn/k/Photoshop教程?from=feed'>#Photoshop教程#</a>6篇PS特效合成教程，换头、海报等特效教程 ​,,
,,,[],
,,,,"[u'http://ww2.sinaimg.cn/large/8546ebd4jw1f6whmd41aaj20kwbf07wj.jpg', u'http://ww2.sinaimg.cn/large/8546ebd4jw1f6whmf1lnaj20l37p6qv5.jpg', u'http://ww2.sinaimg.cn/large/8546ebd4jw1f6whmgirb2j20kmano4qq.jpg', u'http://ww2.sinaimg.cn/large/8546ebd4jw1f6whmhf73rj20l0cbm4qq.jpg', u'http://ww2.sinaimg.cn/large/8546ebd4jw1f6whmjug2mj20kqc3ckjm.jpg', u'http://ww2.sinaimg.cn/large/8546ebd4jw1f6whmkjqfij20ksgeknpe.jpg']"
Tue Apr 18 10:05:20 +0800 2017,,,,
,"请允许我再次安利，Color多彩手帐，美美美！<a class='k' href='http://m.weibo.cn/k/Color多彩手帐?from=feed'>#Color多彩手帐#</a><a href='http://m.weibo.cn/n/Color多彩手帐'>@Color多彩手帐</a><a data-url=""http://t.cn/RXGY2N9"" target=""_blank"" href=""http://weibo.cn/sinaurl/blocked9e2d360f?srid=&app=color&sk=e123afdf82ad95868b0a1cc57e68ea59&luicode=20000061&lfid=4097825183353374&featurecode=20000180&u=http%3A%2F%2Fwww.mycolordiary.com%2Fs%2Fshare%2F%3Fsrid%3D%26app%3Dcolor%26sk%3De123afdf82ad95868b0a1cc57e68ea59"" class=""""><span class=""url-icon""><img src=""//h5.sinaimg.cn/upload/2015/09/25/3/timeline_card_small_web_default.png""></span></i><span class=""surl-text"">网页链接</a> ​",,,
,,1234,,
,,,[],
,,,,[u'http://wx4.sinaimg.cn/large/c511e59fgy1feqlty3vftj20e82860z0.jpg']
Mon Apr 10 13:18:06 +0800 2017,,,,
,"//<a href='http://m.weibo.cn/n/全球健身中心'>@全球健身中心</a>:手机也能拍出好照片<span class=""url-icon""><img src=""//h5.sinaimg.cn/m/emoticon/icon/others/h_ye-4ef8705b08.png"" style=""width:1em;height:1em;""></span>",,,
,,"手机拍照太普通没创意？8个手机摄影小技巧，带你打开脑洞，拍出各种花样～<span class=""url-icon""><img src=""//h5.sinaimg.cn/m/emoticon/icon/default/d_huaixiao-bb5966dcc6.png"" style=""width:1em;height:1em;""></span> <a data-url=""http://t.cn/RXvclOt"" href=""http://video.weibo.com/show?fid=1034%3A52e8285e28378fbbcdc7245cc44841c0&luicode=20000061&lfid=4094974590869124&featurecode=20000180"" data-hide=""""><span class=""url-icon""><img src=""//h5.sinaimg.cn/upload/2015/09/25/3/timeline_card_small_video_default.png""></span></i><span class=""surl-text"">秒拍视频</a> . ​",,
,,,[],
,,,,[u'http://wx1.sinaimg.cn/large/7fa25d67gy1fehb5msf6vj20dx07udg6.jpg']
Wed Apr 12 21:17:27 +0800 2017,,,,
,来啊，单反都买了，还不来一台照片打印机吗,,,
,,"照片打印机两台，把你喜欢的照片都打印出来吧~<span class=""url-icon""><img src=""//h5.sinaimg.cn/m/emoticon/icon/others/h_ye-4ef8705b08.png"" style=""width:1em;height:1em;""></span><span class=""url-icon""><img src=""//h5.sinaimg.cn/m/emoticon/icon/others/h_ye-4ef8705b08.png"" style=""width:1em;height:1em;""></span> ​",,
,,,[],
,,,,"[u'http://wx2.sinaimg.cn/large/7fc46e2fgy1fek6xs3un5j20q80qx0wo.jpg', u'http://wx2.sinaimg.cn/large/7fc46e2fgy1fek6xsy17rj20m80m83zb.jpg', u'http://wx2.sinaimg.cn/large/7fc46e2fgy1fek6xtkd14j20ly0lawf3.jpg', u'http://wx2.sinaimg.cn/large/7fc46e2fgy1fek6xu74aaj20kb0ehjso.jpg']"
Thu Apr 06 23:07:30 +0800 2017,,,,
,"//<a href='http://m.weibo.cn/n/新闻晨报'>@新闻晨报</a>:简单容易上手，赶快试试吧<span class=""url-icon""><img src=""//h5.sinaimg.cn/m/emoticon/icon/default/d_jiyan-ae754a591c.png"" style=""width:1em;height:1em;""></span>//<a href='http://m.weibo.cn/n/打着灯笼都难找的黑叔叔'>@打着灯笼都难找的黑叔叔</a>：土豆对我有难以抵抗的诱惑",,,
,,"【香煎蒜香小土豆】把小土豆煮软整粒丢锅里煎，一口一个外脆里嫩，一个人就能吃掉半盆<span class=""url-icon""><img src=""//h5.sinaimg.cn/m/emoticon/icon/others/d_erha-0d2bea3a7d.png"" style=""width:1em;height:1em;""></span> <a href='http://m.weibo.cn/n/魔力美食'>@魔力美食</a> <a data-url=""http://t.cn/R6QSkjN"" href=""http://www.miaopai.com/show/PgIH0wPqpm2RHnHqtwlh~yx7qgoxvNRO.htm?luicode=20000061&lfid=4093673370921309&featurecode=20000180"" data-hide=""""><span class=""url-icon""><img src=""//h5.sinaimg.cn/upload/2015/09/25/3/timeline_card_small_video_default.png""></span></i><span class=""surl-text"">魔力美食的秒拍视频</a> ​",,
,,,[],
,,,,[u'http://qncdn.miaopai.com/stream/PgIH0wPqpm2RHnHqtwlh~yx7qgoxvNRO_1491199429.jpg']
Fri Apr 07 12:51:20 +0800 2017,,,,
,"//<a href='http://m.weibo.cn/n/天天美食推荐'>@天天美食推荐</a>:收了以后有时间就去~<span class=""url-icon""><img src=""//h5.sinaimg.cn/m/emoticon/icon/others/h_zan-6e88e6f51d.png"" style=""width:1em;height:1em;""></span>",,,
,,"【张家界-凤凰古城-长沙的旅行小攻略】从住宿篇、交通篇、旅行篇，都有详细的介绍，可做参考。<span class=""url-icon""><img src=""//h5.sinaimg.cn/m/emoticon/icon/default/d_jiyan-ae754a591c.png"" style=""width:1em;height:1em;""></span>约上一群好友，小长假走起<span class=""url-icon""><img src=""//h5.sinaimg.cn/m/emoticon/icon/others/o_weiguan-440ebe5b66.png"" style=""width:1em;height:1em;""></span><span class=""url-icon""><img src=""//h5.sinaimg.cn/m/emoticon/icon/others/o_weiguan-440ebe5b66.png"" style=""width:1em;height:1em;""></span>【凤凰八天七夜自由行攻略】<br/>（ cr：橘子少女琪 ） ​",,
,,,[],
,,,,"[u'http://wx2.sinaimg.cn/large/7fa92467gy1fedwgokvuaj20c80ujte2.jpg', u'http://wx2.sinaimg.cn/large/7fa92467gy1fedwgpc2t8j20c81tads5.jpg', u'http://wx2.sinaimg.cn/large/7fa92467gy1fedwgpwt2ej20c817j7bb.jpg', u'http://wx2.sinaimg.cn/large/7fa92467gy1fedwgqagfgj20c810tgsp.jpg', u'http://wx2.sinaimg.cn/large/7fa92467gy1fedwgqjvpyj20c80c8dgo.jpg', u'http://wx2.sinaimg.cn/large/7fa92467gy1fedwgr0j22j20c817jgu4.jpg', u'http://wx2.sinaimg.cn/large/7fa92467gy1fedwgrl0bfj20c817jn57.jpg', u'http://wx2.sinaimg.cn/large/7fa92467gy1fedwgs03f7j20c81ov7gn.jpg', u'http://wx2.sinaimg.cn/large/7fa92467gy1fedwgsidyaj20c815eq9z.jpg']"
Wed Apr 05 19:35:52 +0800 2017,,,,
,"//<a href='http://m.weibo.cn/n/全球健身中心'>@全球健身中心</a>: 以后和孩子一起做~<span class=""url-icon""><img src=""//h5.sinaimg.cn/m/emoticon/icon/others/h_good-55854d01bb.png"" style=""width:1em;height:1em;""></span>",,,
,,非常适合假期和宝宝一起制作的9组手工 ​,,
,,,[],
,,,,"[u'http://wx4.sinaimg.cn/large/85f100eegy1feby8vltfqj20c80od0us.jpg', u'http://wx4.sinaimg.cn/large/85f100eegy1feby8w3txxj20c81n9dj6.jpg', u'http://wx4.sinaimg.cn/large/85f100eegy1feby8wo6boj20c80b9755.jpg', u'http://wx4.sinaimg.cn/large/85f100eegy1feby8xq3osj20c842fti3.jpg', u'http://wx4.sinaimg.cn/large/85f100eegy1feby8xzsqfj20c80sk76o.jpg', u'http://wx4.sinaimg.cn/large/85f100eegy1feby8ysj31j20c80yy76u.jpg', u'http://wx4.sinaimg.cn/large/85f100eegy1feby8zpf92j20c81nhdlq.jpg', u'http://wx4.sinaimg.cn/large/85f100eegy1feby90p5kmj20c81scjwx.jpg', u'http://wx4.sinaimg.cn/large/85f100eegy1feby91w5juj20c8085q3f.jpg']"
Thu Apr 20 15:02:47 +0800 2017,,,,
,转发微博,,,
,,"30种可爱的小怪兽涂鸦，教给小朋友画~<span class=""url-icon""><img src=""//h5.sinaimg.cn/m/emoticon/icon/others/h_ye-4ef8705b08.png"" style=""width:1em;height:1em;""></span><a data-url=""http://t.cn/RXZefIM"" href=""http://video.weibo.com/show?fid=1034%3A1252d89afc6d120dc26c195f242dfcf5&luicode=20000061&lfid=4098624814232416&featurecode=20000180"" data-hide=""""><span class=""url-icon""><img src=""//h5.sinaimg.cn/upload/2015/09/25/3/timeline_card_small_video_default.png""></span></i><span class=""surl-text"">秒拍视频</a> ​",,
,,,[],
,,,,[u'http://wx2.sinaimg.cn/large/85f100eegy1fejneg20h6j20e007uglz.jpg']
Thu Apr 06 23:15:34 +0800 2017,,,,
,"//<a href='http://m.weibo.cn/n/天天美食推荐'>@天天美食推荐</a>:真的老了，全看过<span class=""url-icon""><img src=""//h5.sinaimg.cn/m/emoticon/icon/default/d_lei-316a1a3ed5.png"" style=""width:1em;height:1em;""></span>",,,
,,"那些年我们追过的偶像剧插曲大放送！有没有听着听着就想哭了，满满的都是青春岁月<span class=""url-icon""><img src=""//h5.sinaimg.cn/m/emoticon/icon/others/l_xin-8e9a1a0346.png"" style=""width:1em;height:1em;""></span><a data-url=""http://t.cn/RfPGX6f"" href=""http://www.miaopai.com/show/Bfp1b6XD-ODHRScqHTiUeg__.htm?luicode=20000061&lfid=4093675397063835&featurecode=20000180"" data-hide=""""><span class=""url-icon""><img src=""//h5.sinaimg.cn/upload/2015/09/25/3/timeline_card_small_video_default.png""></span></i><span class=""surl-text"">最神奇的秒拍视频</a> ​",,
,,,[],
,,,,[u'http://wsqncdn.miaopai.com/images/Bfp1b6XD-ODHRScqHTiUeg___tmp_11_352_.jpg']
Sun May 14 09:10:51 +0800 2017,,,,
,//<a href='http://m.weibo.cn/n/PS教程网'>@PS教程网</a>:6篇PS特效合成教程,,,
,,<a class='k' href='http://m.weibo.cn/k/Photoshop教程?from=feed'>#Photoshop教程#</a>6篇PS特效合成教程，换头、海报等特效教程 ​,,
,,,[],
,,,,"[u'http://ww2.sinaimg.cn/large/8546ebd4jw1f6whmd41aaj20kwbf07wj.jpg', u'http://ww2.sinaimg.cn/large/8546ebd4jw1f6whmf1lnaj20l37p6qv5.jpg', u'http://ww2.sinaimg.cn/large/8546ebd4jw1f6whmgirb2j20kmano4qq.jpg', u'http://ww2.sinaimg.cn/large/8546ebd4jw1f6whmhf73rj20l0cbm4qq.jpg', u'http://ww2.sinaimg.cn/large/8546ebd4jw1f6whmjug2mj20kqc3ckjm.jpg', u'http://ww2.sinaimg.cn/large/8546ebd4jw1f6whmkjqfij20ksgeknpe.jpg']"
